{
  "openapi" : "3.0.1",
  "info" : {
    "title" : "Facilities",
    "version" : "1.0"
  },
  "servers" : [ {
    "url" : "/"
  } ],
  "security" : [ {
    "default" : [ ]
  } ],
  "paths" : {
    "/authorities" : {
      "get" : {
        "description" : "Return a detailed list of registered authorities",
        "parameters" : [ ],
        "responses" : {
          "200" : {
            "description" : "ok"
          }
        },
        "security" : [ {
          "default" : [ ]
        } ],
        "x-auth-type" : "Application & Application User",
        "x-throttling-tier" : "Unlimited",
        "x-wso2-application-security" : {
          "security-types" : [ "api_key" ],
          "optional" : false
        }
      }
    },
    "/levels" : {
      "get" : {
        "description" : "Return a detailed list of facility levels",
        "parameters" : [ ],
        "responses" : {
          "200" : {
            "description" : "ok"
          }
        },
        "security" : [ {
          "default" : [ ]
        } ],
        "x-auth-type" : "Application & Application User",
        "x-throttling-tier" : "Unlimited",
        "x-wso2-application-security" : {
          "security-types" : [ "api_key" ],
          "optional" : false
        }
      }
    },
    "/descriptions" : {
      "get" : {
        "description" : "Return a detailed list of facility descriptions",
        "parameters" : [ ],
        "responses" : {
          "200" : {
            "description" : "ok"
          }
        },
        "security" : [ {
          "default" : [ ]
        } ],
        "x-auth-type" : "Application & Application User",
        "x-throttling-tier" : "Unlimited",
        "x-wso2-application-security" : {
          "security-types" : [ "api_key" ],
          "optional" : false
        }
      }
    }
  },
  "components" : {
    "securitySchemes" : {
      "default" : {
        "type" : "oauth2",
        "flows" : {
          "implicit" : {
            "authorizationUrl" : "https://test.com",
            "scopes" : { }
          }
        }
      }
    }
  },
  "x-wso2-auth-header" : "Authorization",
  "x-wso2-cors" : {
    "corsConfigurationEnabled" : false,
    "accessControlAllowOrigins" : [ "*" ],
    "accessControlAllowCredentials" : false,
    "accessControlAllowHeaders" : [ "authorization", "Access-Control-Allow-Origin", "Content-Type", "SOAPAction", "apikey", "Internal-Key" ],
    "accessControlAllowMethods" : [ "GET", "PUT", "POST", "DELETE", "PATCH", "OPTIONS" ]
  },
  "x-wso2-production-endpoints" : {
    "urls" : [ "http://83.136.248.89:1601/registries/facilities" ],
    "type" : "http"
  },
  "x-wso2-sandbox-endpoints" : {
    "urls" : [ "http://83.136.248.89:1601/registries/facilities" ],
    "type" : "http"
  },
  "x-wso2-basePath" : "/facilities/1.0",
  "x-wso2-transports" : [ "https" ],
  "x-wso2-response-cache" : {
    "enabled" : false,
    "cacheTimeoutInSeconds" : 300
  }
}