{
  "type": "api",
  "version": "v4.0.0",
  "data": {
    "id": "fe23812f-855d-48fe-bbde-bbf28157c2b1",
    "name": "Facility-Authorities",
    "context": "/facilities/authorities",
    "version": "1.0",
    "provider": "admin",
    "lifeCycleStatus": "CREATED",
    "responseCachingEnabled": false,
    "cacheTimeout": 300,
    "hasThumbnail": false,
    "isDefaultVersion": false,
    "isRevision": true,
    "revisionedApiId": "fe23812f-855d-48fe-bbde-bbf28157c2b1",
    "revisionId": 1,
    "enableSchemaValidation": false,
    "type": "HTTP",
    "transport": [
      "http",
      "https"
    ],
    "tags": [],
    "policies": [
      "Unlimited"
    ],
    "authorizationHeader": "Authorization",
    "securityScheme": [
      "oauth2",
      "oauth_basic_auth_api_key_mandatory"
    ],
    "visibility": "PUBLIC",
    "visibleRoles": [],
    "visibleTenants": [],
    "mediationPolicies": [],
    "subscriptionAvailability": "CURRENT_TENANT",
    "subscriptionAvailableTenants": [],
    "additionalProperties": [],
    "accessControl": "NONE",
    "accessControlRoles": [],
    "businessInformation": {},
    "corsConfiguration": {
      "corsConfigurationEnabled": false,
      "accessControlAllowOrigins": [
        "*"
      ],
      "accessControlAllowCredentials": false,
      "accessControlAllowHeaders": [
        "authorization",
        "Access-Control-Allow-Origin",
        "Content-Type",
        "SOAPAction",
        "apikey",
        "Internal-Key"
      ],
      "accessControlAllowMethods": [
        "GET",
        "PUT",
        "POST",
        "DELETE",
        "PATCH",
        "OPTIONS"
      ]
    },
    "websubSubscriptionConfiguration": {
      "enable": false,
      "secret": "",
      "signingAlgorithm": "SHA1",
      "signatureHeader": "x-hub-signature"
    },
    "createdTime": "2021-07-25 21:20:09.56",
    "lastUpdatedTime": "2021-07-25 21:20:09.56",
    "endpointConfig": {
      "endpoint_type": "http",
      "sandbox_endpoints": {
        "url": "http://83.136.248.89:1601/registries/facilities/authorities"
      },
      "production_endpoints": {
        "url": "http://83.136.248.89:1601/registries/facilities/authorities"
      }
    },
    "endpointImplementationType": "ENDPOINT",
    "scopes": [],
    "operations": [
      {
        "id": "",
        "target": "/*",
        "verb": "DELETE",
        "authType": "Application \u0026 Application User",
        "throttlingPolicy": "Unlimited",
        "scopes": [],
        "usedProductIds": []
      },
      {
        "id": "",
        "target": "/*",
        "verb": "GET",
        "authType": "Application \u0026 Application User",
        "throttlingPolicy": "Unlimited",
        "scopes": [],
        "usedProductIds": []
      },
      {
        "id": "",
        "target": "/*",
        "verb": "POST",
        "authType": "Application \u0026 Application User",
        "throttlingPolicy": "Unlimited",
        "scopes": [],
        "usedProductIds": []
      },
      {
        "id": "",
        "target": "/*",
        "verb": "PATCH",
        "authType": "Application \u0026 Application User",
        "throttlingPolicy": "Unlimited",
        "scopes": [],
        "usedProductIds": []
      },
      {
        "id": "",
        "target": "/*",
        "verb": "PUT",
        "authType": "Application \u0026 Application User",
        "throttlingPolicy": "Unlimited",
        "scopes": [],
        "usedProductIds": []
      }
    ],
    "categories": [],
    "keyManagers": [
      "all"
    ],
    "advertiseInfo": {
      "advertised": false,
      "apiOwner": "admin",
      "vendor": "WSO2"
    }
  }
}